<MonitoringManagement eventVersion="1" version="1.0" timestamp="2018-05-07T00:00:00Z" namespace="GHPIINTLOGS">
  <Accounts>
    <Account moniker="ghpiintlogsdiag" isDefault="true" />
    <Account moniker="ghpiintlogssecurity" alias="AzSecurityStore" />
    <Account moniker="ghpiintlogsaudit" alias="AuditStore" />
  </Accounts>
  <!-- Linux mdsd usage documentation: https://jarvis.dc.ad.msft.net/?page=documents&section=1363da01-b6ed-43d4-970e-f89b011d591f&id=89b7a7f4-8cf1-4a76-b541-478d37fc760f  -->
  <Management eventVolume="Medium" defaultRetentionInDays="30">
    <!--
      The identity TenantRole means MONITORING_TENANT, MONITORING_ROLE, and MONITORING_ROLE_INSTANCE will
      uniquely identify any of your instances
    -->
    <Identity type="TenantRole" />
    <!--
      The diskQuotaInMB is a required parameter.  For 10,000 MB there should be 15,000 MB available on the disk  The CPU, memory and network can also be limited in the
      AgentResourceUsage element's attributes.
    -->
    <AgentResourceUsage diskQuotaInMB="50000" cpuPercentUsage="50" />
    <AgentMetrics mdmMonitoringAccount="GHPI_INT_METRICS" />
  </Management>
  <Schemas>
    <Schema name="syslog">
      <Column name="Facility" mdstype="mt:wstr" type="str" />
      <Column name="Severity" mdstype="mt:int32" type="str" />
      <Column name="EventTime" mdstype="mt:utc" type="str-rfc3339" />
      <Column name="SendingHost" mdstype="mt:wstr" type="str" />
      <Column name="Msg" mdstype="mt:wstr" type="str" />
      <Column name="ProcessId" mdstype="mt:int32" type="str" />
    </Schema>
    <Schema name="azsecv1">
      <Column name="Facility" mdstype="mt:wstr" type="str" />
      <Column name="Severity" mdstype="mt:int32" type="str" />
      <Column name="EventTime" mdstype="mt:utc" type="str-rfc3339" />
      <Column name="SendingHost" mdstype="mt:wstr" type="str" />
      <Column name="Msg" mdstype="mt:wstr" type="str" />
    </Schema>
    <Schema name="azsecv2">
      <Column name="AzSecID" mdstype="mt:wstr" type="str" />
      <Column name="ScanName" mdstype="mt:wstr" type="str" />
      <Column name="EventTime" mdstype="mt:utc" type="str-rfc3339" />
      <Column name="Data" mdstype="mt:wstr" type="str" />
      <Column name="PartCount" mdstype="mt:int32" type="str" />
      <Column name="PartIndex" mdstype="mt:int32" type="str" />
    </Schema>
  </Schemas>
  <Sources>
    <Source name="kern" schema="syslog" />
    <Source name="auth" schema="syslog" />
    <Source name="authpriv" schema="syslog" />
    <Source name="cron" schema="syslog" />
    <Source name="user" schema="syslog" />
    <Source name="daemon" schema="syslog" />
    <Source name="syslog" schema="syslog" />
    <Source name="heartbeat" schema="azsecv1" />
    <Source name="baseline" schema="azsecv1" />
    <Source name="software" schema="azsecv1" />
    <Source name="clamav" schema="azsecv1" />
    <Source name="scan_event" schema="azsecv2" />
    <Source name="alert" schema="azsecv2" />
    <Source name="audit" dynamic_schema="true" />
    <Source name="gheslog.user.info" dynamic_schema="true" />
    <Source name="gheslog.daemon.info" dynamic_schema="true" />
    <Source name="gheslog.daemon.warn" dynamic_schema="true" />
    <Source name="gheslog.daemon.err" dynamic_schema="true" />
    <Source name="gheslog.daemon.notice" dynamic_schema="true" />
    <Source name="gheslog.kern.notice" dynamic_schema="true" />
    <Source name="gheslog.kern.warn" dynamic_schema="true" />
    <Source name="gheslog.kern.info" dynamic_schema="true" />
    <Source name="gheslog.kern.err" dynamic_schema="true" />
    <Source name="gheslog.syslog.notice" dynamic_schema="true" />
    <Source name="gheslog.local0.info" dynamic_schema="true" />
    <Source name="gheslog.local0.notice" dynamic_schema="true" />
    <Source name="gheslog.local0.warn" dynamic_schema="true" />
    <Source name="gheslog.local0.err" dynamic_schema="true" />
    <Source name="gheslog.local1.info" dynamic_schema="true" />
    <Source name="gheslog.local1.notice" dynamic_schema="true" />
    <Source name="gheslog.local1.warn" dynamic_schema="true" />
    <Source name="gheslog.local1.err" dynamic_schema="true" />
    <Source name="gheslog.local7.info" dynamic_schema="true" />
    <Source name="gheslog.local7.notice" dynamic_schema="true" />
    <Source name="gheslog.local7.warn" dynamic_schema="true" />
    <Source name="gheslog.local7.err" dynamic_schema="true" />
    <Source name="gheslog.authpriv.notice" dynamic_schema="true" />
    <Source name="gheslog.authpriv.info" dynamic_schema="true" />
    <Source name="gheslog.authpriv.warn" dynamic_schema="true" />
    <Source name="gheslog.authpriv.err" dynamic_schema="true" />
    <Source name="ifx.logger" dynamic_schema="true" />
  </Sources>
  <!-- Linux events documentation: https://jarvis.dc.ad.msft.net/?page=documents&section=9c95f4eb-8689-4c9f-81bf-82d688e860fd&id=762a440d-3a1e-4ff3-86d6-03c491c163b2   -->
  <!--
      Events can contain one or more Event elements.  The Event elements each describe a different kind of collector.
      Events must be defined in the order of the mds2.xsd.
  -->
  <Events>
    <MdsdEvents>
      <MdsdEventSource source="kern">
        <RouteEvent eventName="LinuxAsmSecurity" priority="Normal" storeType="CentralBond" />
      </MdsdEventSource>
      <MdsdEventSource source="auth">
        <RouteEvent eventName="LinuxAsmSecurity" priority="Normal" storeType="CentralBond" />
      </MdsdEventSource>
      <MdsdEventSource source="authpriv">
        <RouteEvent eventName="LinuxAsmSecurity" priority="High" storeType="CentralBond" />
      </MdsdEventSource>
      <MdsdEventSource source="cron">
        <RouteEvent eventName="LinuxAsmSyslog" priority="Normal" storeType="CentralBond" />
      </MdsdEventSource>
      <MdsdEventSource source="user">
        <RouteEvent eventName="LinuxAsmSyslog" priority="Normal" storeType="CentralBond" />
      </MdsdEventSource>
      <MdsdEventSource source="daemon">
        <RouteEvent eventName="LinuxAsmSyslog" priority="Normal" storeType="CentralBond" />
      </MdsdEventSource>
      <MdsdEventSource source="syslog">
        <RouteEvent eventName="LinuxAsmSyslog" priority="Normal" storeType="CentralBond" />
      </MdsdEventSource>
      <MdsdEventSource source="heartbeat">
        <RouteEvent eventName="LinuxAsmHeartbeat" priority="Normal" storeType="CentralBond" />
      </MdsdEventSource>
      <MdsdEventSource source="baseline">
        <RouteEvent eventName="LinuxAsmBaseline" priority="Normal" storeType="CentralBond" />
      </MdsdEventSource>
      <MdsdEventSource source="software">
        <RouteEvent eventName="LinuxAsmSoftware" priority="Normal" storeType="CentralBond" />
      </MdsdEventSource>
      <MdsdEventSource source="clamav">
        <RouteEvent eventName="LinuxAsmClamav" priority="Normal" storeType="CentralBond" />
      </MdsdEventSource>
      <MdsdEventSource source="scan_event">
        <RouteEvent eventName="LinuxAsmScanEvent" priority="Normal" storeType="CentralBond" />
      </MdsdEventSource>
      <MdsdEventSource source="alert">
        <RouteEvent eventName="LinuxAsmAlert" priority="Normal" storeType="CentralBond" />
      </MdsdEventSource>
      <MdsdEventSource source="audit">
        <RouteEvent eventName="LinuxAsmAudit" priority="Normal" storeType="CentralBond" />
      </MdsdEventSource>
      <MdsdEventSource source="gheslog.user.info">
        <RouteEvent eventName="GHESUserInfo" storeType="CentralBond" priority="Normal" />
      </MdsdEventSource>
      <MdsdEventSource source="gheslog.daemon.info">
        <RouteEvent eventName="GHESDaemonInfo" storeType="CentralBond" priority="Normal" />
      </MdsdEventSource>
      <MdsdEventSource source="gheslog.daemon.err">
        <RouteEvent eventName="GHESDaemonError" storeType="CentralBond" priority="Normal" />
      </MdsdEventSource>
      <MdsdEventSource source="gheslog.daemon.notice">
        <RouteEvent eventName="GHESDaemonNotice" storeType="CentralBond" priority="Normal" />
      </MdsdEventSource>
      <MdsdEventSource source="gheslog.daemon.warn">
        <RouteEvent eventName="GHESDaemonwarn" storeType="CentralBond" priority="Normal" />
      </MdsdEventSource>
      <MdsdEventSource source="gheslog.syslog.notice">
        <RouteEvent eventName="GHESSyslogNotice" storeType="CentralBond" priority="Normal" />
      </MdsdEventSource>
      <MdsdEventSource source="gheslog.authpriv.notice">
        <RouteEvent eventName="GHESAuthPrivNotice" storeType="CentralBond" priority="Normal" />
      </MdsdEventSource>
      <MdsdEventSource source="gheslog.kern.notice">
        <RouteEvent eventName="GHESKernNotice" storeType="CentralBond" priority="Normal" />
      </MdsdEventSource>
      <MdsdEventSource source="gheslog.kern.warn">
        <RouteEvent eventName="GHESKernwarn" storeType="CentralBond" priority="Normal" />
      </MdsdEventSource>
      <MdsdEventSource source="gheslog.kern.info">
        <RouteEvent eventName="GHESKernInfo" storeType="CentralBond" priority="Normal" />
      </MdsdEventSource>
      <MdsdEventSource source="gheslog.kern.err">
        <RouteEvent eventName="GHESKernError" storeType="CentralBond" priority="Normal" />
      </MdsdEventSource>
      <MdsdEventSource source="gheslog.local0.notice">
        <RouteEvent eventName="GHESLocal0Notice" storeType="CentralBond" priority="Normal" />
      </MdsdEventSource>
      <MdsdEventSource source="gheslog.local0.info">
        <RouteEvent eventName="GHESLocal0Info" storeType="CentralBond" priority="Normal" />
      </MdsdEventSource>
      <MdsdEventSource source="gheslog.local0.warn">
        <RouteEvent eventName="GHESLocal0Warn" storeType="CentralBond" priority="Normal" />
      </MdsdEventSource>
      <MdsdEventSource source="gheslog.local0.err">
        <RouteEvent eventName="GHESLocal0Error" storeType="CentralBond" priority="Normal" />
      </MdsdEventSource>
      <MdsdEventSource source="gheslog.local1.notice">
        <RouteEvent eventName="GHESLocal1Notice" storeType="CentralBond" priority="Normal" />
      </MdsdEventSource>
      <MdsdEventSource source="gheslog.local1.info">
        <RouteEvent eventName="GHESLocal1Info" storeType="CentralBond" priority="Normal" />
      </MdsdEventSource>
      <MdsdEventSource source="gheslog.local1.warn">
        <RouteEvent eventName="GHESLocal1Warn" storeType="CentralBond" priority="Normal" />
      </MdsdEventSource>
      <MdsdEventSource source="gheslog.local1.err">
        <RouteEvent eventName="GHESLocal1Error" storeType="CentralBond" priority="Normal" />
      </MdsdEventSource>
      <MdsdEventSource source="gheslog.local7.notice">
        <RouteEvent eventName="GHESLocal7Notice" storeType="CentralBond" priority="Normal" />
      </MdsdEventSource>
      <MdsdEventSource source="gheslog.local7.info">
        <RouteEvent eventName="GHESLocal7Info" storeType="CentralBond" priority="Normal" />
      </MdsdEventSource>
      <MdsdEventSource source="gheslog.local7.warn">
        <RouteEvent eventName="GHESLocal7Warn" storeType="CentralBond" priority="Normal" />
      </MdsdEventSource>
      <MdsdEventSource source="gheslog.local7.err">
        <RouteEvent eventName="GHESLocal7Error" storeType="CentralBond" priority="Normal" />
      </MdsdEventSource>
      <MdsdEventSource source="ifx.logger">
        <RouteEvent eventName="IFXLogger" storeType="CentralBond" priority="Normal" />
      </MdsdEventSource>
    </MdsdEvents>
    <FileMonitors storeType="CentralBond">
      <FileWatchItem eventName="AsmVsaFMSnap" container="shava-snapshots">
        <Directory>/var/lib/vsanodescan/snapshots/</Directory>
      </FileWatchItem>
    </FileMonitors>
  </Events>
  <EventStreamingAnnotations>
    <EventStreamingAnnotation name="^LinuxAsm.*$">
      <Cosmos>
        <Content><![CDATA[ <Config /> ]]></Content>
      </Cosmos>
    </EventStreamingAnnotation>
    <EventStreamingAnnotation name="^GHES.*$">
      <Cosmos>
        <Content><![CDATA[<Config />]]></Content>
      </Cosmos>
      <Scrubbing>
        <Content><![CDATA[
            <ScrubbingConfigurationV2>
                <Rules>
                    <Rule Name="ScrubbingIPAddress1" Type="Annotation" Strategy="HMACSHA256" ColumnsToApply="message">
                        <InputStartMarker>INFO -- :</InputStartMarker>
                        <InputEndMarker>- -</InputEndMarker>
                        <OutputStartMarker>&lt;pii&gt;</OutputStartMarker>
                        <OutputEndMarker>&lt;/pii&gt;</OutputEndMarker>
                    </Rule>
                    <Rule Name="ScrubbingIPAddress2" Type="Annotation" Strategy="HMACSHA256" ColumnsToApply="message">
                        <InputStartMarker>for </InputStartMarker>
                        <InputEndMarker>at</InputEndMarker>
                        <OutputStartMarker>&lt;pii&gt;</OutputStartMarker>
                        <OutputEndMarker>&lt;/pii&gt;</OutputEndMarker>
                    </Rule>
                    <Rule Name="ScrubbingIPAddress3" Type="Annotation" Strategy="HMACSHA256" ColumnsToApply="message">
                        <InputStartMarker>Monitor&#34; &#34;</InputStartMarker>
                        <InputEndMarker>&#34;</InputEndMarker>
                        <OutputStartMarker>&lt;pii&gt;</OutputStartMarker>
                        <OutputEndMarker>&lt;/pii&gt;</OutputEndMarker>
                    </Rule>
                    <Rule Name="ScrubbingIPAddress4" Type="Annotation" Strategy="HMACSHA256" ColumnsToApply="message">
                        <InputStartMarker>remote_address=</InputStartMarker>
                        <InputEndMarker>request</InputEndMarker>
                        <OutputStartMarker>&lt;pii&gt;</OutputStartMarker>
                        <OutputEndMarker>&lt;/pii&gt;</OutputEndMarker>
                    </Rule>
                    <Rule Name="ScrubbingIPAddress5" Type="Annotation" Strategy="HMACSHA256" ColumnsToApply="message">
                        <InputStartMarker>{:actor_ip</InputStartMarker>
                        <InputEndMarker>&#34;,</InputEndMarmoniker>
                        <OutputStartMarker>&lt;pii&gt;</OutputStartMarker>
                        <OutputEndMarker>&lt;/pii&gt;</OutputEndMarker>
                    </Rule>
                    <Rule Name="ScrubbingIPAddress6" Type="Annotation" Strategy="HMACSHA256" ColumnsToApply="message">
                        <InputStartMarker>for </InputStartMarker>
                        <InputEndMarker>)}</InputEndMarker>
                        <OutputStartMarker>&lt;pii&gt;</OutputStartMarker>
                        <OutputEndMarker>&lt;/pii&gt;</OutputEndMarker>
                    </Rule>
                </Rules>
            </ScrubbingConfigurationV2>
            ]]></Content>
      </Scrubbing>
      <LogAnalytics>
        <Content>LogAnalyticsContent</Content>
      </LogAnalytics>
      <DGrep>
        <Content><![CDATA[]]></Content>
      </DGrep>
    </EventStreamingAnnotation>
    <EventStreamingAnnotation name="^IFX.*$">
      <Cosmos>
        <Content><![CDATA[<Config />]]></Content>
      </Cosmos>
      <Scrubbing>
        <Content><![CDATA[
            <ScrubbingConfigurationV2>
                <Rules>
                    <Rule Name="ScrubbingIPAddressIFX" Type="EntireColumn" Strategy="IpAddress" ColumnsToApply="actor_ip">
                        <AddressFormat>IPv4-FourOctets</AddressFormat>
                        <ScrubbedAddressPartsCount>2</ScrubbedAddressPartsCount>
                    </Rule>
                </Rules>
            </ScrubbingConfigurationV2>
        ]]></Content>
      </Scrubbing>
    </EventStreamingAnnotation>
  </EventStreamingAnnotations>
</MonitoringManagement>